Name,Location,Price
GCC Hotel and Club," · 
Mira Road, Mumbai",N/A
Dayanand Lawn and Banquet," · 
Mulund West, Mumbai",N/A
"Royal Halls, Worli"," · 
Worli - Parel, Mumbai",N/A
Param Banquets," · 
Thane West, Mumbai",N/A
Zaika Oyster Banquet,"Borivali - Kandivali, Mumbai",N/A
The Saroja Grand Villas & Hotel SGV,"Mira Road, Mumbai",N/A
"Bajaj Hall, Malad West","Malad West, Mumbai",N/A
MCA Sachin Tendulkar Gymkhana,"Borivali - Kandivali, Mumbai",N/A
Akshata Banquet Hall,"Vashi, Mumbai",N/A
O2 Banquets," · 
Vashi, Mumbai",N/A
Jogle Banquet,"CBD-Belapur, Mumbai",N/A
"Emerald Door, Vashi"," · 
Vashi, Mumbai",N/A
Rose Pettals Banquet & Rooftop," · 
Vashi, Mumbai",N/A
Satyam Banquets," · 
Powai, Mumbai",N/A
Shree Krupa Banquets," · 
Panvel, Mumbai",N/A
Dreamscape Eventz,"Andheri East, Mumbai",N/A
Chandan Banquets," · 
Vashi, Mumbai",N/A
Paramount Riverfront Resort," · 
Mumbai",N/A
Al Ayamna Banquet & Catering," · 
Jogeshwari, Mumbai",N/A
Maa Kripa Banquet Hall,"Thane West, Mumbai",N/A
Gloria Banquet Hall," · 
Ghodbunder Road, Mumbai",N/A
"RG Banquet, Majiwade"," · 
Thane West, Mumbai",N/A
Goldfinch Hotel," · 
Andheri East, Mumbai",N/A
White Swan Banquet," · 
Borivali - Kandivali, Mumbai",N/A
